-- phpMyAdmin SQL Dump
-- version 4.0.4
-- http://www.phpmyadmin.net
--
-- Host: localhost
-- Generation Time: Aug 12, 2017 at 12:11 AM
-- Server version: 5.6.12-log
-- PHP Version: 5.4.16

SET SQL_MODE = "NO_AUTO_VALUE_ON_ZERO";
SET time_zone = "+00:00";


/*!40101 SET @OLD_CHARACTER_SET_CLIENT=@@CHARACTER_SET_CLIENT */;
/*!40101 SET @OLD_CHARACTER_SET_RESULTS=@@CHARACTER_SET_RESULTS */;
/*!40101 SET @OLD_COLLATION_CONNECTION=@@COLLATION_CONNECTION */;
/*!40101 SET NAMES utf8 */;

--
-- Database: `pos`
--
CREATE DATABASE IF NOT EXISTS `pos` DEFAULT CHARACTER SET latin1 COLLATE latin1_swedish_ci;
USE `pos`;

-- --------------------------------------------------------

--
-- Table structure for table `customers`
--

CREATE TABLE IF NOT EXISTS `customers` (
  `customer_id` int(12) NOT NULL AUTO_INCREMENT,
  `title` varchar(255) NOT NULL,
  `customername` varchar(255) NOT NULL,
  `job_title` varchar(255) NOT NULL,
  `department` varchar(255) NOT NULL,
  `company` varchar(255) NOT NULL,
  `work_tel` varchar(255) NOT NULL,
  `mobile` varchar(255) NOT NULL,
  `email` varchar(255) NOT NULL,
  `address` varchar(255) NOT NULL,
  `description` varchar(255) NOT NULL,
  PRIMARY KEY (`customer_id`)
) ENGINE=InnoDB  DEFAULT CHARSET=latin1 AUTO_INCREMENT=6 ;

--
-- Dumping data for table `customers`
--

INSERT INTO `customers` (`customer_id`, `title`, `customername`, `job_title`, `department`, `company`, `work_tel`, `mobile`, `email`, `address`, `description`) VALUES
(1, '', 'Default', 'villa', '', ' paradiseroad', '0112895754', '0712354198', 'dhanushkajayaweera4@gmail.com', '489 wallawatthe colombo', ''),
(4, '', 'ishan awasthi', 'complete', '', ' harischandra', '0718747961', '0712354194', 'dhanushkajayaweera10@gmail.com', '1774 wallawattha colombo 10', ''),
(5, '', 'chandra', 'laptop', '', ' thilakawardhana', '0113895754', '0712374198', 'dhanushkajayaweera14@gmail.com', '5455 wallawattha colombo 14', '');

-- --------------------------------------------------------

--
-- Table structure for table `customer_return`
--

CREATE TABLE IF NOT EXISTS `customer_return` (
  `customer_return_id` int(12) NOT NULL AUTO_INCREMENT,
  `invoice_number` varchar(255) NOT NULL,
  `customer_id` varchar(255) NOT NULL,
  `product_id` varchar(255) NOT NULL,
  `qty` varchar(255) NOT NULL,
  `others` varchar(255) NOT NULL,
  PRIMARY KEY (`customer_return_id`)
) ENGINE=InnoDB DEFAULT CHARSET=latin1 AUTO_INCREMENT=1 ;

-- --------------------------------------------------------

--
-- Table structure for table `grn_add`
--

CREATE TABLE IF NOT EXISTS `grn_add` (
  `add_grn_id` int(11) NOT NULL AUTO_INCREMENT,
  `qty` double NOT NULL,
  `sup_name_name` varchar(11) NOT NULL,
  `orginalprice` double NOT NULL,
  `brandname` varchar(255) NOT NULL,
  `current_stock` double NOT NULL,
  `grn_datetime` datetime NOT NULL DEFAULT CURRENT_TIMESTAMP ON UPDATE CURRENT_TIMESTAMP,
  PRIMARY KEY (`add_grn_id`)
) ENGINE=InnoDB  DEFAULT CHARSET=latin1 AUTO_INCREMENT=1166 ;

--
-- Dumping data for table `grn_add`
--

INSERT INTO `grn_add` (`add_grn_id`, `qty`, `sup_name_name`, `orginalprice`, `brandname`, `current_stock`, `grn_datetime`) VALUES
(1155, 247, 'Ebay', 5851, 'denim', 247, '2017-08-04 01:08:00'),
(1156, 12, 'Ebay', 4520, 'belt', 4948, '2017-08-04 01:08:08'),
(1157, 16, 'Hemas', 4551, 'laptop', 16, '2017-08-04 01:11:37'),
(1159, 6, 'Ebay', 1200, 'mouse', 4211, '2017-08-04 01:21:08'),
(1160, 4, 'Ebay', 4520, 'belt', 2700, '2017-08-04 01:21:41'),
(1161, 32, 'Ebay', 4551, 'laptop', 32, '2017-08-04 01:22:05'),
(1162, 69, 'Ebay', 1000, 'file', 45, '2017-08-04 01:22:53'),
(1163, 1, 'Ebay', 4520, 'belt', 2704, '2017-08-04 01:23:36'),
(1164, 3, 'Ebay', 500, 'baby shoe', 997, '2017-08-04 01:23:48'),
(1165, 3, 'Ebay', 5000, 'soup', 117, '2017-08-04 01:24:13');

-- --------------------------------------------------------

--
-- Table structure for table `invoice`
--

CREATE TABLE IF NOT EXISTS `invoice` (
  `invoice_id` int(11) NOT NULL AUTO_INCREMENT,
  `invoice_date` date NOT NULL DEFAULT '1900-01-01',
  `invoice_cus` int(11) NOT NULL DEFAULT '0',
  `invoice_tot` double NOT NULL DEFAULT '0',
  `invoice_dis` double NOT NULL DEFAULT '0',
  `product_name` varchar(255) NOT NULL DEFAULT '',
  `cash` double NOT NULL,
  `customer` varchar(12) NOT NULL,
  `balance` double NOT NULL,
  PRIMARY KEY (`invoice_id`)
) ENGINE=InnoDB  DEFAULT CHARSET=latin1 AUTO_INCREMENT=100170 ;

--
-- Dumping data for table `invoice`
--

INSERT INTO `invoice` (`invoice_id`, `invoice_date`, `invoice_cus`, `invoice_tot`, `invoice_dis`, `product_name`, `cash`, `customer`, `balance`) VALUES
(1, '2017-08-07', 1000, 6334, 0, 'printer', 7000, '1 ', 666),
(100001, '2017-08-01', 1000, 20689, 0, '0', 0, '', 0),
(100002, '2017-08-01', 1000, 70226, 0, '0', 0, '', 0),
(100003, '2017-08-01', 1000, 43951, 0, '0', 0, '', 0),
(100004, '2017-08-01', 1000, 45408, 0, '0', 0, '', 0),
(100005, '2017-08-01', 1000, 0, 0, '0', 0, '', 0),
(100006, '2017-08-01', 1000, 0, 0, '0', 0, '', 0),
(100007, '2017-08-01', 1000, 58044, 0, '0', 0, '', 0),
(100008, '2017-08-01', 1000, 8193, 0, '0', 0, '', 0),
(100009, '2017-08-01', 1000, 0, 0, '0', 0, '', 0),
(100010, '2017-08-01', 1000, 7194, 0, '0', 0, '', 0),
(100011, '2017-08-01', 1000, 0, 0, '0', 0, '', 0),
(100012, '2017-08-01', 1000, 0, 0, '0', 0, '', 0),
(100013, '2017-08-01', 1000, 0, 0, '0', 0, '', 0),
(100014, '2017-08-01', 1000, 19608, 0, '0', 0, '', 0),
(100015, '2017-08-01', 1000, 3268, 0, '0', 0, '', 0),
(100016, '2017-08-01', 1000, 0, 0, '0', 0, '', 0),
(100017, '2017-08-01', 1000, 31101, 0, '0', 0, '', 0),
(100018, '2017-08-01', 1000, 0, 0, '0', 0, '', 0),
(100019, '2017-08-01', 1000, 39966, 0, '0', 0, '', 0),
(100020, '2017-08-01', 1000, 65334, 0, '0', 0, '', 0),
(100021, '2017-08-01', 1000, 0, 0, '0', 0, '', 0),
(100022, '2017-08-01', 1000, 8828, 0, '0', 0, '', 0),
(100023, '2017-08-01', 1000, 0, 0, '0', 0, '', 0),
(100024, '2017-08-01', 1000, 0, 0, '0', 0, '', 0),
(100025, '0000-00-00', 0, 0, 0, '0', 0, '', 0),
(100026, '2017-08-01', 1000, 0, 0, '0', 0, '', 0),
(100027, '2017-08-01', 1000, 0, 0, '0', 0, '', 0),
(100028, '2017-08-01', 1000, 0, 0, '0', 0, '', 0),
(100029, '2017-08-01', 1000, 0, 0, '0', 0, '', 0),
(100030, '2017-08-01', 1000, 0, 0, '0', 0, '', 0),
(100032, '2017-08-01', 1000, 26199, 0, '0', 0, '', 0),
(100033, '2017-08-01', 1000, 12942, 0, '0', 0, '', 0),
(100034, '2017-08-01', 1000, 51603, 0, '0', 0, '', 0),
(100035, '2017-08-01', 1000, 24579, 0, '0', 0, '', 0),
(100036, '2017-08-01', 1000, 0, 0, '0', 0, '', 0),
(100037, '2017-08-01', 1000, 43913, 0, '0', 0, '', 0),
(100038, '2017-08-02', 1000, 20982, 0, '0', 0, '', 0),
(100039, '2017-08-02', 1000, 118665, 0, '0', 0, '', 0),
(100040, '2017-08-02', 1000, 0, 0, '0', 0, '', 0),
(100041, '2017-08-02', 1000, 130812, 0, '0', 0, '', 0),
(100042, '2017-08-02', 1000, 45970, 0, '0', 0, '', 0),
(100043, '2017-08-02', 1000, 19608, 0, '0', 0, '', 0),
(100044, '2017-08-02', 1000, 53084, 0, '0', 0, '', 0),
(100045, '2017-08-04', 1000, 0, 0, '0', 0, '', 0),
(100046, '2017-08-04', 1000, 0, 0, '0', 0, '', 0),
(100047, '2017-08-04', 1000, 0, 0, '0', 0, '', 0),
(100048, '2017-08-04', 1000, 0, 0, '0', 0, '', 0),
(100049, '2017-08-04', 1000, 0, 0, '0', 0, '', 0),
(100050, '2017-08-04', 1000, 0, 0, '0', 0, '', 0),
(100051, '2017-08-04', 1000, 0, 0, '0', 0, '', 0),
(100052, '2017-08-04', 1000, 0, 0, '0', 0, '', 0),
(100053, '2017-08-04', 1000, 0, 0, '0', 0, '', 0),
(100054, '2017-08-04', 1000, 0, 0, '0', 0, '', 0),
(100055, '2017-08-04', 1000, 0, 0, '0', 0, '', 0),
(100056, '2017-08-04', 1000, 0, 0, '0', 0, '', 0),
(100057, '2017-08-04', 1000, 0, 0, '0', 0, '', 0),
(100058, '2017-08-04', 1000, 0, 0, '0', 0, '', 0),
(100059, '2017-08-04', 1000, 0, 0, '0', 0, '', 0),
(100060, '2017-08-04', 1000, 0, 0, '0', 0, '', 0),
(100061, '2017-08-04', 1000, 0, 0, '0', 0, '', 0),
(100062, '2017-08-05', 1000, 62218, 0, '0', 0, '', 0),
(100063, '2017-08-05', 1000, 0, 0, '0', 0, '', 0),
(100064, '2017-08-05', 1000, 20202, 0, '0', 0, '', 0),
(100065, '2017-08-06', 1000, 66420, 0, '4', 66500, '4 ', 0),
(100066, '2017-08-07', 1000, 24215, 0, 'belt', 714414, '4 ', 690199),
(100067, '2017-08-07', 1000, 54661, 0, 'mouse', 55000, '4 ', 339),
(100068, '2017-08-07', 1000, 51390, 0, 'saron ', 52500, '1 ', 1110),
(100069, '2017-08-07', 1000, 44756, 0, 'printer', 45000, '1 ', 244),
(100070, '2017-08-07', 1000, 0, 0, '0', 45800, '1 ', 0),
(100071, '2017-08-07', 1000, 26616, 0, 'mouse', 27000, '1 ', 384),
(100072, '2017-08-07', 1000, 0, 0, '0', 27000, '1 ', 0),
(100073, '2017-08-07', 1000, 0, 0, '0', 27000, '1 ', 0),
(100074, '2017-08-07', 1000, 0, 0, '0', 27000, '1 ', 0),
(100075, '2017-08-07', 1000, 0, 0, '0', 27000, '1 ', 0),
(100076, '2017-08-07', 1000, 0, 0, '0', 27000, '1 ', 0),
(100077, '2017-08-07', 1000, 0, 0, '0', 27000, '1 ', 0),
(100078, '2017-08-07', 1000, 0, 0, '0', 27000, '1 ', 0),
(100079, '2017-08-07', 1000, 0, 0, '0', 27000, '1 ', 0),
(100080, '2017-08-07', 1000, 0, 0, '0', 27000, '1 ', 0),
(100081, '2017-08-07', 1000, 0, 0, '0', 27000, '1 ', 0),
(100082, '2017-08-07', 1000, 0, 0, '0', 27000, '1 ', 0),
(100083, '2017-08-07', 1000, 0, 0, '0', 27000, '1 ', 0),
(100084, '2017-08-07', 1000, 14657, 0, 'soup', 15000, '1 ', 343),
(100085, '2017-08-07', 1000, 0, 0, '0', 15000, '1 ', 0),
(100086, '2017-08-07', 1000, 0, 0, '0', 15000, '1 ', 0),
(100087, '2017-08-07', 1000, 0, 0, '0', 15000, '1 ', 0),
(100088, '2017-08-07', 1000, 0, 0, '0', 15000, '1 ', 0),
(100089, '2017-08-07', 1000, 0, 0, '0', 15000, '1 ', 0),
(100090, '2017-08-07', 1000, 0, 0, '0', 15000, '1 ', 0),
(100091, '2017-08-07', 1000, 9416, 0, 'toy', 9500, '1 ', 84),
(100092, '2017-08-07', 1000, 0, 0, '0', 9500, '1 ', 0),
(100093, '2017-08-07', 1000, 0, 0, '0', 9500, '1 ', 0),
(100094, '2017-08-07', 1000, 0, 0, '0', 9500, '1 ', 0),
(100095, '2017-08-07', 1000, 0, 0, '0', 9500, '1 ', 0),
(100096, '2017-08-07', 1000, 0, 0, '0', 9500, '1 ', 0),
(100097, '2017-08-07', 1000, 0, 0, '0', 9500, '1 ', 0),
(100098, '2017-08-07', 1000, 0, 0, '0', 9500, '1 ', 0),
(100099, '2017-08-07', 1000, 8828, 0, 'belt', 9000, '1 ', 172),
(100100, '2017-08-07', 1000, 0, 0, '0', 9000, '1 ', 0),
(100101, '2017-08-07', 1000, 41659, 0, 'toy', 42800, '1 ', 1141),
(100102, '2017-08-07', 1000, 0, 0, '0', 42800, '1 ', 0),
(100103, '2017-08-07', 1000, 0, 0, '0', 42800, '1 ', 0),
(100104, '2017-08-07', 1000, 70123, 0, 'baby shoe', 72000, '1 ', 1877),
(100105, '2017-08-07', 1000, 33990, 0, 'mouse', 34000, '1 ', 10),
(100106, '2017-08-07', 1000, 13293, 0, 'mouse', 14300, '1 ', 1007),
(100107, '2017-08-07', 1000, 22682, 0, 'mouse', 23700, '1 ', 1018),
(100108, '2017-08-07', 1000, 50184, 0, 'watch', 52000, '1 ', 1816),
(100109, '2017-08-07', 1000, 37379, 0, 'mouse', 38400, '1 ', 1021),
(100110, '2017-08-07', 1000, 37458, 0, 'printer', 38000, '1 ', 542),
(100111, '2017-08-07', 1000, 37458, 0, 'printer', 40000, '1 ', 2542),
(100112, '2017-08-07', 1000, 33459, 0, 'mouse', 33500, '1 ', 41),
(100113, '2017-08-07', 1000, 7194, 0, 'belt', 8000, '1 ', 806),
(100114, '2017-08-07', 1000, 0, 0, '0', 8000, '1 ', 0),
(100115, '2017-08-07', 1000, 0, 0, '0', 8000, '1 ', 0),
(100116, '2017-08-07', 1000, 0, 0, '0', 8000, '1 ', 0),
(100117, '2017-08-07', 1000, 0, 0, '0', 8000, '1 ', 0),
(100118, '2017-08-07', 1000, 0, 0, '0', 8000, '1 ', 0),
(100119, '2017-08-07', 1000, 0, 0, '0', 8000, '1 ', 0),
(100120, '2017-08-07', 1000, 0, 0, '0', 8000, '1 ', 0),
(100121, '2017-08-07', 1000, 0, 0, '0', 8000, '1 ', 0),
(100122, '2017-08-07', 1000, 0, 0, '0', 8000, '1 ', 0),
(100123, '2017-08-07', 1000, 31759, 0, 'belt', 32800, '1 ', 1041),
(100124, '2017-08-07', 1000, 0, 0, '0', 32800, '1 ', 0),
(100125, '2017-08-07', 1000, 0, 0, '0', 32800, '1 ', 0),
(100126, '2017-08-07', 1000, 121305, 0, 'saron ', 130000, '1 ', 8695),
(100127, '2017-08-07', 1000, 102330, 0, 'mouse', 120000, '1 ', 17670),
(100128, '2017-08-07', 1000, 137758, 0, 'baby shoe', 147860, '1 ', 10102),
(100129, '2017-08-07', 1000, 10363, 0, 'file', 11436, '1 ', 1073),
(100130, '2017-08-07', 1000, 15194, 0, 'mouse', 16200, '1 ', 1006),
(100131, '2017-08-07', 1000, 8193, 0, 'cap', 23700, '1 ', 15507),
(100132, '2017-08-07', 1000, 7463, 0, 'soup', 62222, '1 ', 54759),
(100133, '2017-08-07', 1000, 7463, 0, 'soup', 12000, '1 ', 4537),
(100134, '2017-08-07', 1000, 7194, 0, 'belt', 11000, '1 ', 3806),
(100135, '2017-08-07', 1000, 1634, 0, 'denim', 21500, '1 ', 19866),
(100136, '2017-08-07', 1000, 7194, 0, 'belt', 29000, '1 ', 21806),
(100137, '2017-08-07', 1000, 1634, 0, 'denim', 17000, '1 ', 15366),
(100138, '2017-08-07', 1000, 8193, 0, 'cap', 21500, '1 ', 13307),
(100139, '2017-08-07', 1000, 8193, 0, 'cap', 38800, '1 ', 30607),
(100140, '2017-08-07', 1000, 8193, 0, 'cap', 48000, '1 ', 39807),
(100141, '2017-08-07', 1000, 1634, 0, 'denim', 22000, '1 ', 20366),
(100142, '2017-08-07', 1000, 7463, 0, 'soup', 32400, '1 ', 24937),
(100143, '2017-08-07', 1000, 7194, 0, 'belt', 13000, '1 ', 5806),
(100144, '2017-08-07', 1000, 7194, 0, 'belt', 14400, '1 ', 7206),
(100145, '2017-08-07', 1000, 1634, 0, 'denim', 27000, '1 ', 25366),
(100146, '2017-08-07', 1000, 7463, 0, 'soup', 23200, '1 ', 15737),
(100147, '2017-08-07', 1000, 24565, 0, 'baby shoe', 55000, '1 ', 30435),
(100148, '2017-08-07', 1000, 1634, 0, 'denim', 26000, '1 ', 24366),
(100149, '2017-08-07', 1000, 8193, 0, 'cap', 10000, '1 ', 1807),
(100150, '2017-08-07', 1000, 7463, 0, 'soup', 27000, '1 ', 19537),
(100151, '2017-08-07', 1000, 16386, 0, 'cap', 60000, '1 ', 43614),
(100152, '2017-08-07', 1000, 1634, 0, 'denim', 20000, '1 ', 18366),
(100153, '2017-08-08', 1000, 49130, 0, 'baby shoe', 64400, '1 ', 15270),
(100154, '2017-08-11', 1000, 7463, 0, 'soup', 40000, '1 ', 32537),
(100155, '2017-08-11', 1000, 3268, 0, 'denim', 30000, '1 ', 26732),
(100156, '2017-08-11', 1000, 24579, 0, 'cap', 35000, '1 ', 10421),
(100157, '2017-08-11', 1000, 7463, 0, 'soup', 22000, '1 ', 14537),
(100158, '2017-08-11', 1000, 24565, 0, 'baby shoe', 25000, '1 ', 435),
(100159, '2017-08-11', 1000, 1634, 0, 'denim', 20000, '1 ', 18366),
(100160, '2017-08-11', 1000, 7463, 0, 'soup', 8000, '1 ', 537),
(100161, '2017-08-11', 1000, 8193, 0, 'cap', 10000, '1 ', 1807),
(100162, '2017-08-11', 1000, 8193, 0, 'cap', 23000, '1 ', 14807),
(100163, '2017-08-11', 1000, 24579, 0, 'cap', 40000, '1 ', 15421),
(100164, '2017-08-11', 1000, 1634, 0, 'denim', 20000, '1 ', 18366),
(100165, '2017-08-11', 1000, 4902, 0, 'denim', 25000, '1 ', 20098),
(100166, '2017-08-12', 1000, 7464, 0, 'soup', 36000, '1 ', 28536),
(100167, '2017-08-12', 1000, 1635, 0, 'denim', 90000, '1 ', 88365),
(100168, '2017-08-12', 1000, 7463, 0, 'soup', 17000, '1 ', 9537),
(100169, '2017-08-12', 1000, 1634, 0, 'denim', 21000, '1 ', 19366);

-- --------------------------------------------------------

--
-- Table structure for table `invoice_01`
--

CREATE TABLE IF NOT EXISTS `invoice_01` (
  `inv_01` int(11) NOT NULL AUTO_INCREMENT,
  `product_id` int(11) NOT NULL,
  `quantity` int(12) NOT NULL,
  PRIMARY KEY (`inv_01`)
) ENGINE=InnoDB  DEFAULT CHARSET=latin1 AUTO_INCREMENT=120 ;

--
-- Dumping data for table `invoice_01`
--

INSERT INTO `invoice_01` (`inv_01`, `product_id`, `quantity`) VALUES
(80, 49, 3);

-- --------------------------------------------------------

--
-- Table structure for table `invoice_report`
--

CREATE TABLE IF NOT EXISTS `invoice_report` (
  `invoice_re_id` int(12) NOT NULL AUTO_INCREMENT,
  `invo_no` int(11) NOT NULL DEFAULT '0',
  `product_id` int(12) NOT NULL DEFAULT '0',
  `product_name` varchar(255) NOT NULL,
  `genericname` varchar(255) NOT NULL,
  `price` double NOT NULL,
  `quantity` double NOT NULL,
  `amount` double NOT NULL,
  `discont` double DEFAULT NULL,
  `report_date_time` date DEFAULT NULL,
  `customer` varchar(255) NOT NULL,
  PRIMARY KEY (`invoice_re_id`)
) ENGINE=InnoDB  DEFAULT CHARSET=latin1 AUTO_INCREMENT=300 ;

--
-- Dumping data for table `invoice_report`
--

INSERT INTO `invoice_report` (`invoice_re_id`, `invo_no`, `product_id`, `product_name`, `genericname`, `price`, `quantity`, `amount`, `discont`, `report_date_time`, `customer`) VALUES
(77, 100017, 0, 'denim', 'boss', 1634, 4, 6536, NULL, '2017-08-25', 'ishan awasthi'),
(81, 100020, 0, 'denim', 'boss', 1634, 6, 9804, NULL, '2017-08-02', 'ishan awasthi'),
(82, 100020, 0, 'watch', 'titan', 4855, 3, 14565, NULL, '2017-08-00', 'ishan awasthi'),
(83, 100022, 0, 'denim', 'boss', 1634, 1, 1634, NULL, '2017-08-02', 'ishan awasthi'),
(84, 100022, 0, 'belt', 'gardino', 7194, 1, 7194, NULL, '2017-08-02', 'ishan awasthi'),
(93, 100035, 0, 'cap', 'cat', 8193, 2, 16386, NULL, '2017-08-02', 'ishan awasthi'),
(94, 100037, 0, 'baby shoe', 'dsi', 24565, 1, 24565, NULL, '2017-08-02', ''),
(96, 100038, 0, 'denim', 'boss', 1634, 1, 1634, NULL, '2017-08-02', ''),
(97, 100038, 0, 'saron ', 'moon', 9674, 2, 19348, NULL, '2017-08-16', ''),
(98, 100039, 0, 'belt', 'gardino', 7194, 2, 14388, NULL, '2017-08-02', 'ishan awasthi'),
(99, 100039, 0, 'laptop', 'lenovo', 1493, 5, 7465, NULL, '2017-08-02', ''),
(100, 100039, 0, 'saron ', 'moon', 9674, 8, 77392, NULL, '2017-08-02', ''),
(101, 100039, 0, 'watch', 'titan', 4855, 4, 19420, NULL, '2017-08-02', 'ishan awasthi'),
(102, 100041, 0, 'denim', 'boss', 1634, 1, 1634, NULL, '2017-08-02', ''),
(103, 100041, 0, 'baby shoe', 'dsi', 24565, 3, 73695, NULL, '2017-08-02', ''),
(104, 100041, 0, 'laptop', 'lenovo', 1493, 1, 1493, NULL, '2017-08-02', 'ishan awasthi'),
(105, 100041, 0, 'belt', 'gardino', 7194, 2, 14388, NULL, '2017-08-02', 'ishan awasthi'),
(106, 100041, 0, 'belt', 'gardino', 7194, 3, 21582, NULL, '2017-08-02', ''),
(107, 100041, 0, 'denim', 'boss', 1634, 1, 1634, NULL, '2017-08-02', 'ishan awasthi'),
(108, 100041, 0, 'cap', 'cat', 8193, 2, 16386, NULL, '2017-08-02', 'ishan awasthi'),
(109, 100042, 0, 'belt', 'gardino', 7194, 2, 14388, NULL, '2017-08-02', 'ishan awasthi'),
(110, 100042, 0, 'saree', 'soorya', 7149, 4, 28596, NULL, '2017-08-02', 'ishan awasthi'),
(111, 100042, 0, 'laptop', 'lenovo', 1493, 2, 2986, NULL, '2017-08-02', ''),
(112, 100043, 0, 'denim', 'boss', 1634, 12, 19608, NULL, '2017-08-02', 'ishan awasthi'),
(113, 100044, 0, 'belt', 'gardino', 7194, 2, 14388, NULL, '2017-08-02', ''),
(114, 100044, 0, 'saron ', 'moon', 9674, 4, 38696, NULL, '2017-08-02', 'ishan awasthi'),
(115, 100062, 0, 'cap', 'cat', 8193, 3, 24579, NULL, '2017-08-05', 'ishan awasthi'),
(116, 100062, 0, 'saron ', 'moon', 9674, 1, 9674, NULL, '2017-08-05', 'ishan awasthi'),
(117, 100062, 0, 'mouse', 'dell', 1700, 2, 3400, NULL, '2017-08-05', 'ishan awasthi'),
(118, 100062, 0, 'baby shoe', 'dsi', 24565, 1, 24565, NULL, '2017-08-05', 'ishan awasthi'),
(119, 100064, 0, 'belt', 'gardino', 7194, 1, 7194, NULL, '2017-08-05', ''),
(120, 100064, 0, 'saron ', 'moon', 9674, 1, 9674, NULL, '2017-08-05', ''),
(121, 100064, 0, 'mouse', 'dell', 1700, 1, 1700, NULL, '2017-08-05', ''),
(122, 100064, 0, 'denim', 'boss', 1634, 1, 1634, NULL, '2017-08-05', ''),
(123, 100065, 0, 'soup', 'luxe', 7463, 1, 7463, NULL, '2017-08-06', ''),
(124, 100065, 0, 'denim', 'boss', 1634, 1, 1634, NULL, '2017-08-06', ''),
(125, 100065, 0, 'cap', 'cat', 8193, 1, 8193, NULL, '2017-08-06', ''),
(126, 100065, 0, 'baby shoe', 'dsi', 24565, 1, 24565, NULL, '2017-08-06', ''),
(127, 100065, 0, 'baby shoe', 'dsi', 24565, 1, 24565, NULL, '2017-08-06', ''),
(128, 100066, 0, 'cap', 'cat', 8193, 1, 8193, NULL, '2017-08-06', ''),
(129, 100066, 0, 'saron ', 'moon', 9674, 2, 19348, NULL, '2017-08-06', ''),
(130, 100066, 0, 'printer', 'hp', 4700, 3, 14100, NULL, '2017-08-06', ''),
(131, 100066, 0, 'cap', 'cat', 8193, 3, 24579, NULL, '2017-08-06', ''),
(132, 100066, 0, 'mouse', 'dell', 1700, 7, 11900, NULL, '2017-08-06', ''),
(133, 100066, 0, 'denim', 'boss', 1634, 1, 1634, NULL, '2017-08-07', ''),
(134, 100066, 0, 'cap', 'cat', 8193, 1, 8193, NULL, '2017-08-07', ''),
(135, 100066, 0, 'belt', 'gardino', 7194, 2, 14388, NULL, '2017-08-07', ''),
(136, 100067, 0, 'cap', 'cat', 8193, 3, 24579, NULL, '2017-08-07', ''),
(137, 100067, 0, 'belt', 'gardino', 7194, 3, 21582, NULL, '2017-08-07', ''),
(138, 100067, 0, 'mouse', 'dell', 1700, 5, 8500, NULL, '2017-08-07', ''),
(139, 100068, 0, 'soup', 'luxe', 7463, 1, 7463, NULL, '2017-08-07', ''),
(140, 100068, 0, 'cap', 'cat', 8193, 3, 24579, NULL, '2017-08-07', ''),
(141, 100068, 0, 'saron ', 'moon', 9674, 2, 19348, NULL, '2017-08-07', ''),
(142, 100069, 0, 'denim', 'boss', 1634, 1, 1634, NULL, '2017-08-07', ''),
(143, 100069, 0, 'saron ', 'moon', 9674, 3, 29022, NULL, '2017-08-07', ''),
(144, 100069, 0, 'printer', 'hp', 4700, 3, 14100, NULL, '2017-08-07', ''),
(145, 100071, 0, 'denim', 'boss', 1634, 1, 1634, NULL, '2017-08-07', ''),
(146, 100071, 0, 'belt', 'gardino', 7194, 3, 21582, NULL, '2017-08-07', ''),
(147, 100071, 0, 'mouse', 'dell', 1700, 2, 3400, NULL, '2017-08-07', ''),
(148, 100084, 0, 'belt', 'gardino', 7194, 1, 7194, NULL, '2017-08-07', ''),
(149, 100084, 0, 'soup', 'luxe', 7463, 1, 7463, NULL, '2017-08-07', ''),
(150, 100091, 0, 'belt', 'gardino', 7194, 1, 7194, NULL, '2017-08-07', ''),
(151, 100091, 0, 'toy', 'bata', 1111, 2, 2222, NULL, '2017-08-07', ''),
(152, 100099, 0, 'denim', 'boss', 1634, 1, 1634, NULL, '2017-08-07', ''),
(153, 100099, 0, 'belt', 'gardino', 7194, 1, 7194, NULL, '2017-08-07', ''),
(154, 100101, 0, 'cap', 'cat', 8193, 1, 8193, NULL, '2017-08-07', ''),
(155, 100101, 0, 'saron ', 'moon', 9674, 3, 29022, NULL, '2017-08-07', ''),
(156, 100101, 0, 'toy', 'bata', 1111, 4, 4444, NULL, '2017-08-07', ''),
(157, 100104, 0, 'cap', 'cat', 8193, 1, 8193, NULL, '2017-08-07', ''),
(158, 100104, 0, 'printer', 'hp', 4700, 2, 9400, NULL, '2017-08-07', ''),
(159, 100104, 0, 'mouse', 'dell', 1700, 2, 3400, NULL, '2017-08-07', ''),
(160, 100104, 0, 'baby shoe', 'dsi', 24565, 2, 49130, NULL, '2017-08-07', ''),
(161, 100105, 0, 'denim', 'boss', 1634, 2, 3268, NULL, '2017-08-07', ''),
(162, 100105, 0, 'saron ', 'moon', 9674, 3, 29022, NULL, '2017-08-07', ''),
(163, 100105, 0, 'mouse', 'dell', 1700, 1, 1700, NULL, '2017-08-07', ''),
(164, 100106, 0, 'cap', 'cat', 8193, 1, 8193, NULL, '2017-08-07', ''),
(165, 100106, 0, 'mouse', 'dell', 1700, 3, 5100, NULL, '2017-08-07', ''),
(166, 100107, 0, 'denim', 'boss', 1634, 1, 1634, NULL, '2017-08-07', ''),
(167, 100107, 0, 'saron ', 'moon', 9674, 2, 19348, NULL, '2017-08-07', ''),
(168, 100107, 0, 'mouse', 'dell', 1700, 1, 1700, NULL, '2017-08-07', ''),
(169, 100108, 0, 'denim', 'boss', 1634, 1, 1634, NULL, '2017-08-07', ''),
(170, 100108, 0, 'watch', 'titan', 4855, 3, 14565, NULL, '2017-08-07', ''),
(171, 100108, 0, 'watch', 'titan', 4855, 7, 33985, NULL, '2017-08-07', ''),
(172, 100109, 0, 'cap', 'cat', 8193, 3, 24579, NULL, '2017-08-07', ''),
(173, 100109, 0, 'printer', 'hp', 4700, 2, 9400, NULL, '2017-08-07', ''),
(174, 100109, 0, 'mouse', 'dell', 1700, 2, 3400, NULL, '2017-08-07', ''),
(175, 100110, 0, 'baby shoe', 'dsi', 24565, 1, 24565, NULL, '2017-08-07', ''),
(176, 100110, 0, 'cap', 'cat', 8193, 1, 8193, NULL, '2017-08-07', ''),
(177, 100110, 0, 'printer', 'hp', 4700, 1, 4700, NULL, '2017-08-07', ''),
(178, 100111, 0, 'baby shoe', 'dsi', 24565, 1, 24565, NULL, '2017-08-07', ''),
(179, 100111, 0, 'cap', 'cat', 8193, 1, 8193, NULL, '2017-08-07', ''),
(180, 100111, 0, 'printer', 'hp', 4700, 1, 4700, NULL, '2017-08-07', ''),
(181, 100112, 0, 'denim', 'boss', 1634, 1, 1634, NULL, '2017-08-07', ''),
(182, 100112, 0, 'printer', 'hp', 4700, 1, 4700, NULL, '2017-08-07', ''),
(183, 100112, 0, 'baby shoe', 'dsi', 24565, 1, 24565, NULL, '2017-08-07', ''),
(184, 100112, 0, 'saron ', 'moon', 9674, 1, 9674, NULL, '2017-08-07', ''),
(185, 100112, 0, 'saron ', 'moon', 9674, 3, 29022, NULL, '2017-08-07', ''),
(186, 100112, 0, 'belt', 'gardino', 7194, 1, 7194, NULL, '2017-08-07', ''),
(187, 100112, 0, 'file', 'atlas', 1200, 1, 1200, NULL, '2017-08-07', ''),
(188, 100112, 0, 'baby shoe', 'dsi', 24565, 1, 24565, NULL, '2017-08-07', ''),
(189, 100112, 0, 'belt', 'gardino', 7194, 1, 7194, NULL, '2017-08-07', ''),
(190, 100112, 0, 'mouse', 'dell', 1700, 1, 1700, NULL, '2017-08-07', ''),
(191, 100113, 0, 'belt', 'gardino', 7194, 1, 7194, NULL, '2017-08-07', ''),
(192, 100123, 0, 'baby shoe', 'dsi', 24565, 1, 24565, NULL, '2017-08-07', ''),
(193, 100123, 0, 'belt', 'gardino', 7194, 1, 7194, NULL, '2017-08-07', ''),
(194, 100126, 0, 'baby shoe', 'dsi', 24565, 1, 24565, NULL, '2017-08-07', ''),
(195, 100126, 0, 'saron ', 'moon', 9674, 10, 96740, NULL, '2017-08-07', ''),
(196, 100127, 0, 'cap', 'cat', 8193, 10, 81930, NULL, '2017-08-07', ''),
(197, 100127, 0, 'mouse', 'dell', 1700, 1, 1700, NULL, '2017-08-07', ''),
(198, 100127, 0, 'mouse', 'dell', 1700, 11, 18700, NULL, '2017-08-07', ''),
(199, 100128, 0, 'cap', 'cat', 8193, 1, 8193, NULL, '2017-08-07', ''),
(200, 100128, 0, 'mouse', 'dell', 1700, 12, 20400, NULL, '2017-08-07', ''),
(201, 100128, 0, 'printer', 'hp', 4700, 18, 84600, NULL, '2017-08-07', ''),
(202, 100128, 0, 'baby shoe', 'dsi', 24565, 1, 24565, NULL, '2017-08-07', ''),
(203, 100129, 0, 'soup', 'luxe', 7463, 1, 7463, NULL, '2017-08-07', ''),
(204, 100129, 0, 'mouse', 'dell', 1700, 1, 1700, NULL, '2017-08-07', ''),
(205, 100129, 0, 'file', 'atlas', 1200, 1, 1200, NULL, '2017-08-07', ''),
(206, 100130, 0, 'belt', 'gardino', 7194, 1, 7194, NULL, '2017-08-07', ''),
(207, 100130, 0, 'file', 'atlas', 1200, 1, 1200, NULL, '2017-08-07', ''),
(208, 100130, 0, 'mouse', 'dell', 1700, 4, 6800, NULL, '2017-08-07', ''),
(209, 100131, 0, 'cap', 'cat', 8193, 1, 8193, NULL, '2017-08-07', ''),
(210, 100131, 0, 'printer', 'hp', 4700, 2, 9400, NULL, '2017-08-07', ''),
(211, 100131, 0, 'mouse', 'dell', 1700, 3, 5100, NULL, '2017-08-07', ''),
(212, 100132, 0, 'soup', 'luxe', 7463, 1, 7463, NULL, '2017-08-07', ''),
(213, 100132, 0, 'cap', 'cat', 8193, 6, 49158, NULL, '2017-08-07', ''),
(214, 100132, 0, 'mouse', 'dell', 1700, 2, 3400, NULL, '2017-08-07', ''),
(215, 100133, 5, 'soup', 'luxe', 7463, 1, 7463, NULL, '2017-08-07', ''),
(216, 100133, 31, 'laptop', 'lenovo', 1493, 3, 4479, NULL, '2017-08-07', ''),
(217, 100134, 8, 'belt', 'gardino', 7194, 1, 7194, NULL, '2017-08-07', ''),
(218, 100134, 48, 'mouse', 'dell', 1700, 2, 3400, NULL, '2017-08-07', ''),
(219, 100135, 6, 'denim', 'boss', 1634, 1, 1634, NULL, '2017-08-07', ''),
(220, 100135, 43, 'printer', 'hp', 4700, 1, 4700, NULL, '2017-08-07', ''),
(221, 100135, 43, 'printer', 'hp', 4700, 3, 14100, NULL, '2017-08-07', ''),
(222, 100136, 8, 'belt', 'gardino', 7194, 1, 7194, NULL, '2017-08-07', ''),
(223, 100136, 43, 'printer', 'hp', 4700, 3, 14100, NULL, '2017-08-07', ''),
(224, 100136, 52, 'file', 'atlas', 1200, 6, 7200, NULL, '2017-08-07', ''),
(225, 100137, 6, 'denim', 'boss', 1634, 1, 1634, NULL, '2017-08-07', ''),
(226, 100137, 8, 'belt', 'gardino', 7194, 2, 14388, NULL, '2017-08-07', ''),
(227, 100138, 7, 'cap', 'cat', 8193, 1, 8193, NULL, '2017-08-07', ''),
(228, 100138, 8, 'belt', 'gardino', 7194, 1, 7194, NULL, '2017-08-07', ''),
(229, 100138, 48, 'mouse', 'dell', 1700, 3, 5100, NULL, '2017-08-07', ''),
(230, 100139, 7, 'cap', 'cat', 8193, 1, 8193, NULL, '2017-08-07', ''),
(231, 100139, 7, 'cap', 'cat', 8193, 3, 24579, NULL, '2017-08-07', ''),
(232, 100139, 42, 'watch', 'titan', 4855, 1, 4855, NULL, '2017-08-07', ''),
(233, 100140, 7, 'cap', 'cat', 8193, 1, 8193, NULL, '2017-08-07', ''),
(234, 100140, 48, 'mouse', 'dell', 1700, 4, 6800, NULL, '2017-08-07', ''),
(235, 100140, 43, 'printer', 'hp', 4700, 7, 32900, NULL, '2017-08-07', ''),
(236, 100141, 6, 'denim', 'boss', 1634, 1, 1634, NULL, '2017-08-07', ''),
(237, 100141, 43, 'printer', 'hp', 4700, 4, 18800, NULL, '2017-08-07', ''),
(238, 100141, 52, 'file', 'atlas', 1200, 1, 1200, NULL, '2017-08-07', ''),
(239, 100142, 5, 'soup', 'luxe', 7463, 1, 7463, NULL, '2017-08-07', ''),
(240, 100142, 43, 'printer', 'hp', 4700, 4, 18800, NULL, '2017-08-07', ''),
(241, 100142, 48, 'mouse', 'dell', 1700, 3, 5100, NULL, '2017-08-07', ''),
(242, 100143, 8, 'belt', 'gardino', 7194, 1, 7194, NULL, '2017-08-07', ''),
(243, 100143, 48, 'mouse', 'dell', 1700, 3, 5100, NULL, '2017-08-07', ''),
(244, 100144, 8, 'belt', 'gardino', 7194, 1, 7194, NULL, '2017-08-07', ''),
(245, 100144, 8, 'belt', 'gardino', 7194, 1, 7194, NULL, '2017-08-07', ''),
(246, 100145, 6, 'denim', 'boss', 1634, 1, 1634, NULL, '2017-08-07', ''),
(247, 100145, 7, 'cap', 'cat', 8193, 3, 24579, NULL, '2017-08-07', ''),
(248, 100146, 5, 'soup', 'luxe', 7463, 1, 7463, NULL, '2017-08-07', ''),
(249, 100146, 42, 'watch', 'titan', 4855, 3, 14565, NULL, '2017-08-07', ''),
(250, 100147, 4, 'baby shoe', 'dsi', 24565, 1, 24565, NULL, '2017-08-07', ''),
(251, 100147, 6, 'denim', 'boss', 1634, 2, 3268, NULL, '2017-08-07', ''),
(252, 100147, 43, 'printer', 'hp', 4700, 4, 18800, NULL, '2017-08-07', ''),
(253, 100148, 6, 'denim', 'boss', 1634, 1, 1634, NULL, '2017-08-07', ''),
(254, 100148, 8, 'belt', 'gardino', 7194, 2, 14388, NULL, '2017-08-07', ''),
(255, 100148, 43, 'printer', 'hp', 4700, 2, 9400, NULL, '2017-08-07', ''),
(256, 100149, 7, 'cap', 'cat', 8193, 1, 8193, NULL, '2017-08-07', ''),
(257, 100150, 5, 'soup', 'luxe', 7463, 1, 7463, NULL, '2017-08-07', ''),
(258, 100150, 42, 'watch', 'titan', 4855, 4, 19420, NULL, '2017-08-07', ''),
(259, 100151, 7, 'cap', 'cat', 8193, 2, 16386, NULL, '2017-08-07', ''),
(260, 100151, 9, 'saron ', 'moon', 9674, 4, 38696, NULL, '2017-08-07', ''),
(261, 100151, 52, 'file', 'atlas', 1200, 2, 2400, NULL, '2017-08-07', ''),
(262, 100152, 6, 'denim', 'boss', 1634, 1, 1634, NULL, '2017-08-07', ''),
(263, 100152, 43, 'printer', 'hp', 4700, 3, 14100, NULL, '2017-08-07', ''),
(264, 100153, 4, 'baby shoe', 'dsi', 24565, 2, 49130, NULL, '2017-08-08', ''),
(265, 100153, 43, 'printer', 'hp', 4700, 3, 14100, NULL, '2017-08-08', ''),
(266, 100154, 5, 'soup', 'luxe', 7463, 1, 7463, NULL, '2017-08-11', ''),
(267, 100154, 42, 'watch', 'titan', 4855, 2, 9710, NULL, '2017-08-11', ''),
(268, 100154, 43, 'printer', 'hp', 4700, 4, 18800, NULL, '2017-08-11', ''),
(269, 100155, 6, 'denim', 'boss', 1634, 2, 3268, NULL, '2017-08-11', 'Default'),
(270, 100155, 7, 'cap', 'cat', 8193, 3, 24579, NULL, '2017-08-11', 'Default'),
(271, 100156, 7, 'cap', 'cat', 8193, 3, 24579, NULL, '2017-08-11', 'Default'),
(272, 100156, 42, 'watch', 'titan', 4855, 2, 9710, NULL, '2017-08-11', 'Default'),
(273, 100157, 5, 'soup', 'luxe', 7463, 1, 7463, NULL, '2017-08-11', 'Default'),
(274, 100157, 8, 'belt', 'gardino', 7194, 2, 14388, NULL, '2017-08-11', 'Default'),
(275, 100158, 4, 'baby shoe', 'dsi', 24565, 1, 24565, NULL, '2017-08-11', 'Default'),
(276, 100159, 6, 'denim', 'boss', 1634, 1, 1634, NULL, '2017-08-11', 'Default'),
(277, 100159, 7, 'cap', 'cat', 8193, 2, 16386, NULL, '2017-08-11', 'Default'),
(278, 100160, 5, 'soup', 'luxe', 7463, 1, 7463, NULL, '2017-08-11', 'Default'),
(279, 100161, 7, 'cap', 'cat', 8193, 1, 8193, NULL, '2017-08-11', 'Default'),
(280, 100162, 7, 'cap', 'cat', 8193, 1, 8193, NULL, '2017-08-11', 'Default'),
(281, 100162, 8, 'belt', 'gardino', 7194, 2, 14388, NULL, '2017-08-11', 'Default'),
(282, 100163, 7, 'cap', 'cat', 8193, 3, 24579, NULL, '2017-08-11', 'Default'),
(283, 100163, 6, 'denim', 'boss', 1634, 2, 3268, NULL, '2017-08-11', 'Default'),
(284, 100163, 43, 'printer', 'hp', 4700, 2, 9400, NULL, '2017-08-11', 'Default'),
(285, 100164, 6, 'denim', 'boss', 1634, 1, 1634, NULL, '2017-08-11', 'Default'),
(286, 100164, 8, 'belt', 'gardino', 7194, 2, 14388, NULL, '2017-08-11', 'Default'),
(287, 100164, 52, 'file', 'atlas', 1200, 3, 3600, NULL, '2017-08-11', 'Default'),
(288, 100165, 6, 'denim', 'boss', 1634, 3, 4902, NULL, '2017-08-11', 'Default'),
(289, 100165, 9, 'saron ', 'moon', 9674, 2, 19348, NULL, '2017-08-11', 'Default'),
(290, 100166, 5, 'soup', 'luxe', 7463, 1, 7463, NULL, '2017-08-12', 'Default'),
(291, 100166, 8, 'belt', 'gardino', 7194, 2, 14388, NULL, '2017-08-12', 'Default'),
(292, 100166, 43, 'printer', 'hp', 4700, 3, 14100, NULL, '2017-08-12', 'Default'),
(293, 100167, 6, 'denim', 'boss', 1634, 1, 1634, NULL, '2017-08-12', 'Default'),
(294, 100167, 4, 'baby shoe', 'dsi', 24565, 3, 73695, NULL, '2017-08-12', 'Default'),
(295, 100167, 43, 'printer', 'hp', 4700, 2, 9400, NULL, '2017-08-12', 'Default'),
(296, 100168, 5, 'soup', 'luxe', 7463, 1, 7463, NULL, '2017-08-12', 'Default'),
(297, 100168, 7, 'cap', 'cat', 8193, 1, 8193, NULL, '2017-08-12', 'Default'),
(298, 100169, 6, 'denim', 'boss', 1634, 1, 1634, NULL, '2017-08-12', 'Default'),
(299, 100169, 9, 'saron ', 'moon', 9674, 2, 19348, NULL, '2017-08-12', 'Default');

-- --------------------------------------------------------

--
-- Table structure for table `mrn_add`
--

CREATE TABLE IF NOT EXISTS `mrn_add` (
  `mrn_id` int(22) NOT NULL AUTO_INCREMENT,
  `brand_name` varchar(255) NOT NULL,
  `description_mrn` varchar(255) NOT NULL,
  `selling_price` double NOT NULL,
  `orginal_price` double NOT NULL,
  `profite_damage` double NOT NULL,
  `supplier` varchar(255) NOT NULL,
  `mrn_qty` double NOT NULL,
  `remarks` varchar(255) NOT NULL,
  `mrn_date_time` datetime NOT NULL,
  PRIMARY KEY (`mrn_id`)
) ENGINE=InnoDB  DEFAULT CHARSET=latin1 AUTO_INCREMENT=152 ;

--
-- Dumping data for table `mrn_add`
--

INSERT INTO `mrn_add` (`mrn_id`, `brand_name`, `description_mrn`, `selling_price`, `orginal_price`, `profite_damage`, `supplier`, `mrn_qty`, `remarks`, `mrn_date_time`) VALUES
(143, 'denim', 'discription', 1634, 5851, 0, 'Hemas', 4, 'remark', '2017-08-02 11:45:59'),
(144, 'saree', 'dhanushka', 7149, 4551, 0, 'Hemas', 75, 'good', '2017-08-02 11:45:59'),
(145, 'denim', 'dhanushaka', 1634, 5851, 0, 'Massholding', 5, 'good', '2017-08-02 11:45:59'),
(146, 'toy', 'villa', 1111, 1000, 0, 'Hemas', 5, 'good', '2017-08-02 11:45:59'),
(147, 'denim', 'lorem ipsum', 1634, 5851, 0, 'Ebay', 44, 'tooth', '2017-08-02 11:45:59'),
(148, 'belt', 'good', 7194, 4520, 0, 'Thilakawardhana', 98, 'receive good', '2017-08-02 11:45:59'),
(149, 'belt', 'discription', 7194, 4520, 0, 'Massholding', 3000, 'villa benthota', '2017-08-02 11:45:59'),
(150, 'denim', 'low price', 1634, 5851, 0, 'Thilakawardhana', 487, 'good recieve', '2017-08-03 01:33:12'),
(151, 'denim', 'basar', 1634, 1550, 0, 'Massholding', 152, 'record', '2017-08-03 01:37:58');

-- --------------------------------------------------------

--
-- Table structure for table `product`
--

CREATE TABLE IF NOT EXISTS `product` (
  `product_id` int(12) NOT NULL AUTO_INCREMENT,
  `brandname` varchar(255) NOT NULL,
  `genericname` varchar(255) NOT NULL,
  `description_product` varchar(255) NOT NULL,
  `sellingprice` double NOT NULL,
  `orginalprice` double NOT NULL,
  `profit` double NOT NULL,
  `supplier` varchar(255) NOT NULL,
  `qty` int(12) NOT NULL,
  `remarks` varchar(255) NOT NULL,
  PRIMARY KEY (`product_id`)
) ENGINE=InnoDB  DEFAULT CHARSET=latin1 AUTO_INCREMENT=53 ;

--
-- Dumping data for table `product`
--

INSERT INTO `product` (`product_id`, `brandname`, `genericname`, `description_product`, `sellingprice`, `orginalprice`, `profit`, `supplier`, `qty`, `remarks`) VALUES
(4, 'baby shoe', 'dsi', ' goood', 24565, 500, 500, '91', 982, 'good'),
(5, 'soup', 'luxe', ' dsfds', 7463, 5000, 500, '89', 106, 'dhanushak'),
(6, 'denim', 'boss', ' dhanshka', 1634, 5851, 7421, '88', 215, 'dhanushka'),
(7, 'cap', 'cat', ' dhanshka', 8193, 5851, 7421, '90', 99, 'dhanushka'),
(8, 'belt', 'gardino', ' djandkd', 7194, 4520, 1548, '94', 2671, 'villa'),
(9, 'saron ', 'moon', ' djandkd', 9674, 4520, 1548, '100', 91, 'villa'),
(13, 'toy', 'bata', ' hello world', 1111, 1000, 500, '90', 168, 'good'),
(30, 'saree', 'soorya', ' google', 7149, 4551, 5449, '100', 13796, 'good'),
(31, 'laptop', 'lenovo', ' google', 1493, 4551, 5449, '88', 61, 'good'),
(42, 'watch', 'titan', ' tutorial', 4855, 1547, 3308, '88', 128, 'good'),
(43, 'printer', 'hp', ' good', 4700, 3200, 1500, '90', 1098, 'good recieve'),
(48, 'mouse', 'dell', ' good condition 123456\r\n', 1700, 1200, 500, '100', 4142, 'susuan'),
(52, 'file', 'atlas', ' atlas45545', 1200, 1000, 200, '88', 99, 'isahn');

-- --------------------------------------------------------

--
-- Table structure for table `suppliers`
--

CREATE TABLE IF NOT EXISTS `suppliers` (
  `supplier_id` int(12) NOT NULL AUTO_INCREMENT,
  `name_sup` varchar(255) NOT NULL,
  `Address` varchar(255) NOT NULL,
  `Contact_person` varchar(255) NOT NULL,
  `contact_no` varchar(255) NOT NULL,
  `sup_description` varchar(255) NOT NULL,
  `sup_date_time` datetime NOT NULL,
  PRIMARY KEY (`supplier_id`)
) ENGINE=InnoDB  DEFAULT CHARSET=latin1 AUTO_INCREMENT=102 ;

--
-- Dumping data for table `suppliers`
--

INSERT INTO `suppliers` (`supplier_id`, `name_sup`, `Address`, `Contact_person`, `contact_no`, `sup_description`, `sup_date_time`) VALUES
(88, 'Ebay', '499 ihalakaragaha kadawatha', ' manager', '0715465456', 'lorum ipsum', '2017-08-04 02:32:46'),
(89, 'Massholding', 'gyana colombo 7', ' dhanushka', '0762415241', 'ecommers', '2017-08-04 02:32:46'),
(90, 'Hemas', 'benthota villa', ' dhanushka', '0762415241', 'ecommers', '2017-08-04 02:32:46'),
(91, 'Thilakawardhana', '499/villa combo10 nugegoda', ' Ranathunga', '07120104796', 'Recieve good\r\n', '2017-08-04 02:32:46'),
(94, 'Ranjana group of company', '171/a villa combo7 wallawattha ', ' Edwin dias', '07111102090', 'Receive good\r\n', '2017-08-04 02:32:46'),
(100, 'ishan', '199 bmbalapitiya colombo', ' manager', '07189416325', 'helloworld\r\n', '2017-08-04 02:32:46'),
(101, 'suraj moters', '178 colombo 10 maligawathha', ' nuwan', '071243412541', 'recevie good\r\n', '2017-08-04 02:32:46');

/*!40101 SET CHARACTER_SET_CLIENT=@OLD_CHARACTER_SET_CLIENT */;
/*!40101 SET CHARACTER_SET_RESULTS=@OLD_CHARACTER_SET_RESULTS */;
/*!40101 SET COLLATION_CONNECTION=@OLD_COLLATION_CONNECTION */;
